loss_train,loss_val,ssim_train,ssim_val,mse_train,mse_val
0.033215,0.007646,0.607423,0.830778,0.033221,0.007632
0.012216,0.005989,0.805458,0.846561,0.012216,0.005973
