loss_train,loss_val,ssim_train,ssim_val,mse_train,mse_val
0.02358,0.004372,0.622313,0.82526,0.023585,0.004372
0.004543,0.002625,0.844914,0.856609,0.004543,0.002624
